ConnectionStateType,Count,Probability
SF,14973,0.5943553509050492
S0,7009,0.2782232454747539
REJ,2216,0.08796443315338202
RSTR,497,0.01972848523340743
RSTO,304,0.012067322959669736
S1,88,0.003493172435693871
SH,43,0.0017068910765322325
RSTOS0,21,0.0008335979676087646
S2,21,0.0008335979676087646
S3,15,0.0005954271197205462
OTH,5,0.0001984757065735154
