TrafficType,Count,Probability
tcp,20526,0.8147824706255954
udp,3011,0.11952207049857097
icmp,1655,0.0656954588758336
