,Count,Probability
SF,74945,0.5949290721027521
S0,34851,0.2766545212069253
REJ,11233,0.08916990148682655
RSTR,2421,0.019218403943702222
RSTO,1562,0.01239948242877442
S1,365,0.0028974462781707192
SH,271,0.0021512546339294927
S2,127,0.0010081525406237845
RSTOS0,103,0.000817635525072833
S3,49,0.00038897224008319244
OTH,46,0.0003651576131393235
