TrafficType,Count,Probability
tcp,102689,0.815166742079652
udp,14993,0.1190175672564756
icmp,8291,0.06581569066387241
